"actor_name","cast_position","count"
"A.W. Sweatt",11,2
"Aaron Vaughn",48,2
"Abel Woolrich",1,2
"Acid Drinkers",1,2
"Adam Bolton",6,2
"Adam Brock",12,2
"Adolphe Menjou",3,2
"Adrian Rosley",42,2
"Adrianne Richards",7,3
"Adrien Saint-Jore",16,2
"Aimee Deshayes",14,2
"Akira Ishida",1,2
"Akira Kurosawa",9,2
"Al Edmundsen",8,2
"Al Gomez",28,2
"Alain Foures",41,2
"Alan Bates",9,2
"Alan Blumenfeld",10,2
"Alan Marshal",7,3
"Alan Marshall",21,3
"Alan Mowbray",8,2
"Alan Reed",24,2
"Alan Reed Sr.",10,2
"Albert Carrier",21,2
"Albie Whitaker",8,2
"Alec B. Francis",1,3
"Aleisa Shirley",9,2
"Alejandro Parodi",2,2
"Alex Frazer",22,2
"Alex Gerry",2,2
"Alexandra Holden",2,2
"Alexis Bobrinskoy",47,2
"Alfie Bass",9,2
"Alfred Hall",26,2
"Alfred Hitchcock",53,2
"Alice Brady",3,2
"Alix Talton",14,2
"Allen Dizon",1,2
"Allyn Joslyn",8,2
"Alma Taylor",44,2
"Alphonse Martell",10,2
"Alphonso de Noble",7,2
"Alphonso de Noble",7,2
"Alyson Reed",7,2
"Amber Smith",6,2
"Amy Smart",1,2
"Amy Yasbeck",3,2
"Ana Bertha Espin",3,2
"Ana Ofelia Murguía",4,2
"Anahita Uberoi",5,2
"André Dussollier",4,2
"André Engel",19,2
"Andre Gregory",8,2
"André Morell",2,3
"Andrea Lowe",17,2
"Andrea Malandrinos",10,2
"Andrea Marcovicci",4,2
"Andrew Divoff",5,2
"Andrew Marton",16,3
"Andrew Tombes",35,2
"Andy Devine",5,2
"Angie Harper",21,2
"Angus Macfadyen",2,2
"Anika McFall",5,2
"Anita Bolster",21,2
"Anita Sanders",11,2
"Ankur Desai",10,2
"Ann Doran",21,2
"Ann Jillian",5,2
"Anna Baldaccini",6,2
"Anna Levine",12,2
"Annie McEnroe",14,2
"Anthony 'Treach' Criss",1,2
"Anthony Criss",8,2
"Anthony Norman McKay",18,2
"Anthony Quinn",4,2
"Anthony Warde",38,2
"Antoine Blanquefort",26,2
"Antonino Rocco",17,2
"Arch Johnson",24,2
"Arliss Howard",2,2
"Armelle Deutsch",10,2
"Arnaud Cassand",15,2
"Arnaud Le Bozec",42,2
"Arnie Ross",18,2
"Arnold Johnson",18,2
"Arnold Vosloo",3,2
"Art Jarrett",15,2
"Art La Fleur",7,2
"Art LaFleur",46,2
"Arthur Hohl",15,3
"Arthur Houseman",14,2
"Arthur Houseman",15,3
"Arthur Hoyt",13,2
"Arthur Kennedy",3,2
"Arthur Lowe",15,2
"Arthur Malet",21,2
"Arthur Space",8,2
"Arturo Venegas",9,2
"Asami Imajuku",2,2
"Ashley Greenfield",6,2
"Ashley Phillips",26,2
"Ashley Tisdale",3,2
"Athene Seyler",7,2
"Aubrey Mather",12,2
"Aurélien Recoing",6,2
"Avi Siwa",2,2
"Aviva Marks",6,2
"B.S. Pully",14,2
"Barbara Burke",19,2
"Barbara Kent",2,3
"Barbara Lawrence",2,2
"Barry Jones",9,2
"Barry Jones",26,2
"Barry Keegan",29,2
"Bart Bradley",9,2
"Bart Johnson",8,2
"Basil Rathbone",1,2
"Basil Rathbone",4,2
"Basil Ruysdael",20,2
"Baziga",9,3
"Beatrix Thompson",3,3
"Beau Billingslea",15,2
"Bebe Louie",25,2
"Beenie Man",1,2
"Beeson Carroll",6,2
"Behn Cervantes",3,2
"Belita Moreno",23,2
"Ben Lessy",17,2
"Ben Taggart",14,2
"Ben Vaughn",8,2
"Ben Webster",4,3
"Ben Wright",15,2
"Benempinga",10,3
"Benji",1,2
"Benji the Hunted",10,2
"Bennett Ohta",8,2
"Berkley H. Garrett",30,2
"Bernard Herrmann",41,2
"Bernard Kay",9,2
"Bernard Miles",4,2
"Bert Freed",11,2
"Bert Michaels",26,2
"Bert Santos",34,2
"Betty Baskcomb",46,2
"Betty Bruce",7,2
"Betty Bunch",30,2
"Betty Grable",6,2
"Beverly Garland",19,2
"BG",3,2
"Bill Cordell",13,2
"Bill Foster",28,2
"Bill Kreutzmann",6,2
"Bill Moseley",23,2
"Bill O'Brien",21,3
"Bill Richmond",4,2
"Bill Walker",9,2
"Bill Warren",49,2
"Bill Williams",13,2
"Billy Anagnos",37,2
"Billy Asher",5,2
"Billy Beck",12,2
"Billy Chan",1,2
"Billy Coe",55,2
"Billy Dooley",20,2
"Bing Crosby",1,2
"Blackie Whiteford",26,3
"Blanca Guerra",5,2
"Blue Washington",36,2
"Bo-young Lee",3,2
"Bob Apisa",7,2
"Bob Clayton",3,2
"Bob Hope",2,2
"Bob Small",41,2
"Bob Strickland",39,2
"Bob Weir",5,2
"Brandon Hurst",26,2
"Brandy Gold",15,2
"Brenda De Banzie",3,2
"Brett Rice",39,2
"Brian Aherne",8,2
"Brian Glover",12,2
"Brian Pettifer",20,2
"Brian Taylor",44,2
"Brian Tyler",8,2
"Brigid Cleary",41,2
"Brigitte Mira",3,2
"Brooke Evans",12,2
"Brooke Shields",8,2
"Bruce Irons",1,2
"Bruce Laks",31,2
"Bruce McBroom",32,2
"Bruce Willis",8,2
"Bruno Barnabe",8,2
"Bruno S.",1,2
"Buddy Stoccardo",43,2
"Buffalo Bob Smith",42,2
"Burt Mustin",23,2
"Buster Phelps",11,2
"Butch Raymond",36,2
"C. Earnst Harth",3,2
"C. Ernst Harth",1,2
"C.J. Allen",11,2
"Cali Timmins",10,2
"Camille Coduri",10,2
"Campbell Copelin",18,2
"Candy Clark",5,2
"Capleton",1,2
"Carl Stockdale",14,2
"Carl Washington",1,2
"Carla Kneeland",23,2
"Carleton Young",12,2
"Carleton Young",25,2
"Carlos Gallardo",15,2
"Carlos Samperio",1,2
"Carlton Elliott Griffin",23,2
"Carol French",17,2
"Carole Finn",1,2
"Carole Landis",32,2
"Carolyn Hennesy",10,2
"Carolyn Jones",16,2
"Carrell Myers",29,2
"Carroll Brooks",3,2
"Carroll BrooksElie Poicar...",12,2
"Carrotte",45,2
"Cary Grant",1,2
"Cary Middlecoff",22,2
"Cas Anvar",5,3
"Casey Adams",4,2
"Cathryn de Prume",9,2
"Cecil Parker",3,2
"Cedric Hardwicke",2,3
"Cedric Noel",15,2
"Cesare Gravina",9,2
"Charlene Fox",34,2
"Charlene Tilton",46,2
"Charles Beall",29,2
"Charles Carson",8,2
"Charles Coburn",3,2
"Charles Coleman",9,2
"Charles Guardino",3,2
"Charles H. Bisharat",14,2
"Charles Halton",27,2
"Charles Jade",1,2
"Charles Laughton",1,3
"Charles Napier",12,2
"Charles Williams",52,2
"Charlie Hall",17,2
"Charlie Spradling",27,2
"Charlton Heston",14,2
"Chase Randolph",35,2
"Chere Bryson",28,2
"Chia Hui Liu",2,2
"Chico Marx",3,2
"Chico Marx",3,2
"Chonrada Makratree",1,2
"Chris-Pin Martin",33,2
"Chris Spencer",4,2
"Chris Warren Jr.",11,2
"Christian Bale",3,2
"Christian Cloarec",5,2
"Christina Nigra",4,2
"Christopher Cary",10,2
"Christopher Lee",3,3
"Christopher Lee",9,2
"Christopher Lee",14,2
"Christopher May",9,2
"Christopher McDonald",3,2
"Christopher Olsen",10,2
"Christopher Oyen",32,2
"Chuck Fender",2,2
"Chuck Norris",1,2
"Chuck Pfarrer",8,2
"Claire Du Brey",23,2
"Clara Blandick",10,2
"Clara Blandick",20,2
"Clarence H. Wilson",48,2
"Clarence Muse",15,2
"Claude King",31,2
"Claude Prefontaine",10,2
"Clayton Landey",20,2
"Clem Bevans",11,2
"Clement Blake",9,2
"Cliff De Young",3,2
"Clifford Buckton",45,2
"Clive Wood",13,2
"Clyde Cook",5,3
"Coleman Francis",29,2
"Colm Meaney",6,2
"Constance Cummings",2,3
"Constantine Romanoff",12,3
"Cora Sue Collins",15,2
"Corbin Bleu",4,2
"Corey Rand",21,2
"Corp. Munto Anampio",7,3
"Cosie Costa",3,2
"Craig Noble",43,2
"Craig R. Baxley",38,2
"Craig Thomas",8,3
"Craig Wayans",14,2
"Crawford Binion",7,2
"Cristina Anzu Lawson",5,2
"Curt Bois",18,3
"Cy Kendall",27,2
"Cynthia Caquelin",13,2
"Cynthia Myers",2,2
"Dabney Coleman",2,2
"Dale Fuller",6,2
"Dale Van Sickel",14,2
"Damien Thomas",7,2
"Damon Wayans",15,2
"Dan O'Herlihy",5,2
"Dan Seymour",18,2
"Dana Elcar",16,2
"Dandy Nichols",17,2
"Danette Mackay",4,3
"Daniel Benzali",11,2
"Daniel Gélin",5,2
"Danielle Meierhenry",28,2
"Danny Dyer",1,2
"Danny Gura",19,2
"Danny Haneman",20,2
"Danny Lockin",25,2
"Danny Mora",22,2
"Danny Ponce",26,2
"Darrell M. Heath",6,2
"Darren Moore",4,2
"Daryl Marsh",37,2
"Dave Efron",12,2
"David Anthony Marshall",13,2
"David Arnott",4,2
"David Beckham",1,2
"David Bowie",1,2
"David Carradine",2,2
"David Carty",1,2
"David Chung",5,2
"David Gurian",6,2
"David Harris",9,2
"David Landfield",9,2
"David Newell",36,2
"David Oxley",6,3
"David Oyelowo",4,2
"David Patrick Kelly",3,2
"David Sterne",14,2
"David Weininger",42,2
"Dawei Hu",5,2
"Dean Jagger",5,2
"Dean Raphael Ferrandini",16,2
"Deanna Russo",3,2
"Debbie Casperson",26,2
"Deborah Kerr",2,3
"Deborah Kerr",2,2
"Deborah Pratt",8,2
"Deborah Van Valkenburgh",6,2
"Debra Paget",4,2
"Dee Wallace",4,2
"Deirdre O'Connell",16,2
"Del Close",9,2
"Denis Lavant",1,2
"Denis O'Dea",5,2
"Denise Lecce",24,2
"Dennis Gregory",58,2
"Dennis O'Keefe",51,2
"Dennis Redfield",37,2
"Dewey Martin",5,2
"DeWitt Jennings",17,3
"Diana Lewis",5,2
"Diane Klimaszewski",22,2
"Diane Pace",12,2
"Dick Boccelli",12,2
"Dick Botiller",21,2
"Dick Jones",17,2
"Dick Miller",4,2
"Dick Rush",24,3
"Dickie Moore",6,3
"Dickie Moore",16,2
"Dig Wayne",7,2
"Dino Morea",1,2
"Dirk Bogarde",1,2
"Djimon Hounsou",9,2
"Dolly Read",1,2
"Dom DeLuise",21,2
"Dominique Boschero",18,2
"Dominique Parent",28,2
"Don Ameche",1,2
"Don Brunner",32,2
"Don Eitner",11,2
"Don Haggerty",16,2
"Don Hicks",23,2
"Don Mafia",3,2
"Don McGowan",31,2
"Don Orlando",12,2
"Don Ritchie",48,2
"Don Wilson",7,2
"Dona Drake",6,2
"Donald Crisp",7,2
"Donald Lawton",32,2
"Donald Pleasence",16,2
"Dong Jin Kim",1,2
"Donna Drake",43,2
"Donna Godchaux",2,2
"Donna Martell",1,2
"Donna Ritchie",49,2
"Donovan Leitch",3,2
"Doran Clark",16,2
"Doris Day",2,2
"Doris Hargrave",17,2
"Doris Lloyd",7,3
"Doris Merrick",30,2
"Dorothy Lamour",3,2
"Dorothy Tutin",2,2
"Dorsey Wright",5,2
"Douglas Emerson",19,2
"Douglas Forsythe Rye",23,2
"Dougray Scott",1,3
"Dr. Cary Middlecoff",11,2
"Duncan Lamont",13,2
"Duncan McLeod",11,2
"Dwight Frye",6,2
"E.E. Clive",8,2
"Earl Houston Bullock",12,2
"Ed Binns",22,2
"Eddie Baker",15,2
"Eddie Earl Hatch",24,2
"Eddie Fetherston",30,3
"Eddie Fetherstone",13,3
"Eddie Izzard",5,2
"Eddie Kane",30,2
"Eddie Shaeffer",5,2
"Eddie Webber",11,2
"Eddie Weber",5,2
"Edgar Givry",11,2
"Edgar Kennedy",8,2
"Edmond O'Brien",5,3
"Eduardo Fajardo",6,2
"Edward Binns",4,2
"Edward Emerson",24,2
"Edward Everett Horton",4,2
"Edward Gargan",13,2
"Edward Peil Sr.",22,3
"Edward Reinach",12,2
"Edwin Maxwell",29,2
"Edwin Maxwell",34,2
"Edy Williams",7,2
"Eijirô Tono",10,2
"Eiko Miyoshi",11,2
"Ekin Cheng",1,2
"Elaine Benson",8,3
"Electra Avellan",17,2
"Eleese Lester",31,2
"Elie Poicard",4,2
"Elinor Vandivere",27,3
"Eliott Keener",13,2
"Elise Avellan",18,2
"Elizabeth Bogush",5,2
"Elizabeth Jenns",7,2
"Ella Ethridge",12,2
"Ellen David",6,3
"Eloy Casados",7,2
"Elsa Martinelli",3,2
"Enid Lindsey",48,2
"Eric Blore",7,2
"Eric Edwards",51,2
"Eric Pohlmann",17,2
"Eric Snowden",50,2
"Erica Gavin",8,2
"Erich von Stroheim",1,2
"Erik Passoja",6,2
"Erik Rhodes",5,2
"Erika Eleniak",18,2
"Ernest Borgnine",14,2
"Ernest Clark",10,2
"Ernie Hudson",3,2
"Ernst R. von Theumer",10,2
"Ethel Griffies",19,2
"Etienne Girardot",12,3
"Eugene",1,2
"Eugene Pallette",10,2
"Eugene Roche",3,3
"Eugene Roche",5,2
"Evelyn Pierce",13,2
"Evi Rigano",9,2
"Ewen Solon",8,3
"Fabrice Bousba",46,2
"Faith Dane",13,2
"Fay Wray",2,2
"Feliz Sabates",24,2
"Ferdinand Munier",35,2
"Fergie",11,2
"Fern Emmett",11,2
"Florence Bates",19,2
"Florence Kahn",6,2
"Florinda Bolkan",2,2
"Fortune Gordien",21,2
"Frances Karath",24,2
"Francis De Wolff",7,3
"Francis Ford",49,2
"Francisco Rabal",3,2
"François Garnard",37,2
"Frank Atkinson",18,2
"Frank Collison",16,2
"Frank Corsentino",31,2
"Frank Ferrara",41,2
"Frank Grimes",7,2
"Frank Inn",5,2
"Frank Lawton",3,2
"Frank Military",15,2
"Frank Overton",3,2
"Frank Puglia",3,2
"Frank Simpson",13,2
"Franklin Pangborn",39,2
"Fred 'Snowflake' Toones",44,2
"Fred Astaire",1,2
"Fred Kohler Jr.",18,3
"Freda Jackson",12,2
"Freddie Bartholomew",3,2
"Freddie Jones",2,2
"Freddy Rodriguez",2,2
"Frederique Charbonneau",9,2
"Fredric March",2,2
"Fredric March",2,2
"Fredric March",2,2
"Freez Luv",5,2
"Frieda Altman",19,2
"Fritz Braumer",24,2
"Fritz Leiber",11,3
"Fritz Weaver",6,2
"Fulton Mackay",16,2
"Fumiko Honma",12,2
"Gary Allen",11,2
"Gary Baxley",39,2
"Gary Daniels",1,2
"Gary Merrill",3,2
"Gary Mitchell",28,2
"Gary Moody",25,2
"Gayne Whitman",46,2
"Gel Santos-Relos",1,2
"Gene Ross",22,2
"Gene Roth",33,2
"Gene Tierney",2,2
"Gene Wesson",29,2
"Geneviève Bujold",2,2
"Geoff Bell",3,2
"Geoffrey Lewis",8,2
"George Burns",1,2
"George Chandler",19,2
"George Davis",16,2
"George E. Stone",5,2
"George Fisher",33,2
"George Givot",25,2
"George Howe",27,2
"George Ives",19,2
"George Khoury",11,2
"George Lee Miles",28,2
"George Lessey",9,2
"George Lloyd",29,2
"George Macready",8,2
"George O'Hanlon",4,2
"George Pelling",10,2
"George Petrie",16,2
"George Tobias",20,3
"George Wang",12,2
"George Zucco",10,3
"Georgina Chapman (II)",4,2
"Gerald Oliver Smith",31,2
"Geraldo Rivera",19,2
"Gérard Depardieu",1,2
"Gerard Renault",30,2
"Gibb McLaughlin",9,3
"Gig Young",6,2
"Gilbert Gottfried",7,2
"Gilles Conseil",48,2
"Gina Gershon",2,2
"Ginger Rogers",2,2
"Giuseppe Verdi",1,3
"Gizelle Elliot",29,2
"Gladys Holland",26,2
"Gloria Gordon",23,2
"Goldie Hawn",1,2
"Gordon Liu",3,2
"Gordon Mills",12,2
"Grady Sutton",25,3
"Graham Crowden",2,2
"Graham Greene",3,2
"Grayce Hampton",28,2
"Gregory Cleghorne",22,2
"Gregory Peck",1,2
"Gregory Wolf",17,2
"Greta Garbo",1,2
"Groucho Marx",1,2
"Groucho Marx",1,2
"Guillaume De Tonquedec",32,2
"Guinn 'Big Boy' Williams",47,2
"Gulshan Grover",2,2
"Gus Leonard",19,3
"Gutare",11,3
"Guy D'Ennery",16,2
"Guy Delamarche",18,2
"Guy Raymond",18,2
"Guy Verney",37,2
"Gyles Isham",10,2
"Haji",20,2
"Hal Baylor",29,2
"Hanna Schygulla",3,2
"Hans Hirschmüller",1,2
"Hans Meyer",7,2
"Harold Goodwin",8,3
"Harold Kasket",28,2
"Harold Lloyd",1,3
"Harold Miller",55,2
"Harpo Marx",2,2
"Harpo Marx",2,2
"Harrison Ford II",15,2
"Harrison Greene",12,2
"Harrison Page",10,2
"Harry Allen",17,2
"Harry Beresford",20,2
"Harry Carey Jr.",22,2
"Harry Cording",23,2
"Harry Davenport",8,3
"Harry Fine",43,2
"Harry Hayden",25,2
"Harry Hill",9,2
"Harry Madsen",42,2
"Harry Shannon",10,2
"Harry Woods",9,2
"Haruo Nakajima",6,2
"Harvey Korman",9,2
"Hawkeye",4,2
"Hay Petrie",10,3
"Hayden Rorke",2,2
"Hazel Gobert",3,2
"Heath Jobes",22,2
"Hector Soberon",2,2
"Helen Goss",11,3
"Helen Martin",7,2
"Helene Chadwick",18,2
"Helene Reynolds",11,2
"Helene Whitney",13,3
"Henry Beckman",21,2
"Henry Czerny",5,2
"Henry Fonda",1,2
"Henry Rowland",13,2
"Henry Rowland",13,3
"Henry Thomas",1,2
"Herkie Styles",8,2
"Hildy Parks",14,2
"Hillary Brooke",9,2
"Hillary Matthews",27,2
"Hiroyuki Ikeuchi",3,2
"Howard Brooks",13,2
"Howard Hesseman",6,2
"Howard Petrie",6,2
"Howard Wendell",11,2
"Hrant Alianak",7,2
"Hubert J. Edwards",18,2
"Hugh Marlowe",2,2
"Hugh O'Conor",11,2
"Hugo Haas",4,3
"Hugo Stiglitz",1,2
"Humphrey Bogart",1,2
"Hung Nguyen",13,2
"I. Stanford Jolley",29,2
"Ian Bannen",8,2
"Ian Giatti",14,2
"Ian Sander",30,2
"Iggy Pop",2,2
"Iris Acker",9,2
"Iris Adrian",10,2
"Irm Hermann",2,2
"Irving Bacon",15,2
"Irving Pichel",11,3
"Irwin Keyes",25,2
"Isabel Brook",2,2
"Isaiah Barnes",11,2
"Isaura Espinoza",6,2
"Isla Blair",6,2
"Isobel Elsom",17,2
"Ivan Kraljevic",11,2
"Ivargwema",12,3
"Ivyann Schwan",4,2
"J.C. Nugent",37,2
"J.C. Quinn",6,2
"J.W. Smith",33,2
"Jack Benny",21,2
"Jack Black",3,2
"Jack Kelly",19,2
"Jack Nance",24,2
"Jack Nicholson",7,2
"Jack Perrin",23,3
"Jack Rader",26,2
"Jack Warden",6,2
"Jackie Joseph",2,2
"Jackie Vera",3,2
"Jacquelyn Masche",38,2
"Jaime Perry",29,2
"Jake Shimabukuro",17,2
"James ""T-Model"" Ford",14,3
"James Cosmo",15,2
"James Coyle",16,2
"James Cromwell",10,2
"James Flavin",25,2
"James Gammon",3,2
"James Gillis",17,2
"James Harcourt",12,3
"James Inglehart",35,2
"James Mason",1,2
"James Millhollin",27,2
"James Remar",2,2
"James Stewart",1,2
"James Tolkan",47,2
"Jamie Gillis",1,2
"Jamiel Hasson",8,2
"Jamison Newlander",25,2
"Jan Arvan",7,2
"Jane Barnes",16,2
"Jane Dulo",12,2
"Jane Lowry",6,2
"Jane Seymour",4,2
"Janet Brandt",9,2
"Janet Gaynor",1,2
"Janet Leigh",2,2
"Janet Ward",15,2
"Jarma Lewis",16,2
"Jason Douglas",21,2
"Jason James Richter",4,2
"Jason Statham",1,2
"Jason Wingreen",27,2
"Javier Albalá",4,2
"Jean-Claude Van Damme",1,2
"Jean-Louis Millette",12,2
"Jean-Michel Noirey",9,2
"Jean-Pierre Malo",7,2
"Jean Dell",33,2
"Jean Duflot",10,2
"Jean Peters",3,2
"Jean Reno",2,2
"Jean Simmons",4,2
"Jean Willes",15,2
"Jeanette Kontomitras",14,2
"Jeanette Nolan",6,2
"Jed Prouty",41,2
"Jeff Fahey",5,2
"Jeff Morrow",1,2
"Jeff Parker",29,2
"Jeff Scott",31,2
"Jeff Walters",2,2
"Jeffrey Combs",3,2
"Jeffrey DeMunn",4,2
"Jeffrey Hunter",2,2
"Jeffrey Michael",57,2
"Jennifer Connelly",3,2
"Jennifer Lincoln",36,2
"Jennifer Rope",6,2
"Jerili Romero",23,2
"Jerry Colonna",22,2
"Jerry Garcia",1,2
"Jerry Hewitt",50,2
"Jerry Lewis",1,2
"Jessica Bohl",5,2
"Ji Sung",2,2
"Jill Beach",23,2
"Jill Bennett II",5,2
"Jillian Amburgey",9,2
"Jim Florentine",2,2
"Jim Hodge",29,2
"Jim Iglehart",21,2
"Jimmie F. Skaggs",10,2
"Jimmy and Tilly Gerard",18,2
"Jimmy Cliff",2,2
"Joan Marsh",13,2
"Joan Plowright",4,2
"Joan Taylor",2,2
"Joanne Woodward",3,2
"Jodhi May",5,2
"Joe Camp",9,2
"Joe E. Ross",16,2
"Joe Levitch",12,2
"Joe Michael Terry",6,2
"Joe Seneca",6,2
"Joe Warfield",18,2
"Joe Yule",18,2
"Joel M. Reed",8,2
"Joel Weiss",36,2
"Joey Cramer",1,2
"Joey Miyashima",9,2
"Joey Wang",6,2
"Joey Wong",4,2
"Johan Libéreau",17,2
"John 'Ras Kidus' Corneliu...",3,2
"John Abbott",1,2
"John Archie",22,2
"John Banner",8,3
"John Barrard",42,2
"John Benfield",5,2
"John Carroll",4,2
"John Cheung",4,2
"John Crowther",15,2
"John Cuthbert",13,2
"John Davidson",27,2
"John Dierkes",24,2
"John Doolittle",11,2
"John E. Blazier",7,2
"John Edson",24,2
"John Emery",3,2
"John Farley",13,2
"John Gibson",56,2
"John Gielgud",3,2
"John Halloran",13,2
"John Kellogg",8,2
"John La Zar",4,2
"John LaZar",36,2
"John Le Mesurier",9,3
"John Logan",24,2
"John Marshall",33,2
"John McIntire",5,2
"John Moffatt",21,2
"John Nesci",18,2
"John O'Malley",52,2
"John Otrin",14,2
"John P. Connell",12,2
"John Parrish",7,2
"John R. McKee",25,2
"John Ritter",1,2
"John Snyder",34,2
"John Wesley",7,2
"John Wesley",8,2
"John Zaremba",4,2
"John Zilly",13,2
"Johnny Barnes",14,2
"Johnny Messner",1,2
"Jon Huertas",2,2
"Jonathan Hale",24,2
"Jonathan Haze",1,2
"Jonathan Sanger",20,2
"Jordan Chan",2,2
"Jose Carlos Ruiz",7,2
"Jose Gonzales-Gonzales",14,2
"Joseph Cellini",17,2
"Joseph Cotten",2,2
"Joseph Hieu",13,2
"Joseph R. Tozer",21,2
"Joseph Shiloach",7,2
"Josh Brolin",3,2
"Joyce Mackenzie",9,2
"Judith Flanagan",33,2
"Jules Sylvester",22,2
"Julian Glover",7,2
"Julie Cox",5,2
"Julie Dash",1,2
"Julie Lloyd",20,2
"Julie McCullough",22,2
"Julien Cafaro",38,2
"Juliette Lewis",2,2
"Julio Oscar Mechoso",10,2
"Julio Oscar Mechoso",16,2
"June Angela",12,2
"June Foray",16,2
"June MacCloy",8,2
"Juni Kulis",6,2
"Junix Inocian",4,2
"Junix Nocian",7,2
"Justine Waddell",4,2
"Juvenile",1,2
"K.C. Armstrong",4,2
"K.O.",4,2
"Kahlil Sledge",8,2
"Kai Wulff",14,2
"Kami Hiraiwa",4,2
"Karen A. Smith",28,2
"Karen Leigh Hopkins",18,2
"Karen S. Gregan",8,2
"Karen Thorndyke",6,2
"Karl Malden",3,2
"Kashmera Shah",12,2
"Kashmira Shah",7,2
"Kasi Lemmons",5,2
"Kate Ashfield",6,2
"Katharine Alexander",22,3
"Katherine Alexander",9,3
"Kathleen Mackey",9,3
"Katie Prestwood",35,2
"Keenen Ivory Wayans",9,2
"Keiichirou Sakaki",2,2
"Keiko Awaji",3,2
"Keith Carradine",5,2
"Keith Godchaux",3,2
"Keith Morris",13,2
"Ken Alton",6,2
"Ken Howell",27,2
"Ken Thomson",3,3
"Kenneth Alton",15,2
"Kenneth Thomson",28,3
"Kenneth Tobey",17,2
"Kenny Davis",28,2
"Kent Masters King",7,2
"Kent Rogers",41,2
"Keri Rogers",37,2
"Kestenbetsa",12,2
"Kevin Dillon",1,2
"Kim ""Lareece"" Ward",4,2
"Kim Wayans",8,2
"Kimani Ray Smith",6,2
"Kimursi",6,3
"Konrad Sheehan",51,2
"Krista Bridges",2,3
"Kristen Aldrich",30,2
"Kristina Simonds",40,2
"Krystle Mataras",25,2
"Kuno Sponholz",15,2
"Kurt Christian",6,2
"Kyle Adahl",14,2
"Lahmard J. Tate",12,2
"Laiola Wendorff",6,2
"Laird Cregar",5,2
"Lana Turner",45,2
"Lance Edwards",5,2
"Lance Henriksen",2,2
"Laraine Newman",5,2
"Larry Best",10,2
"Larry Hagman",7,2
"Larry Silvestri",32,2
"Laura Delano",17,2
"Laura O'Connell",31,2
"Laura Trotter",2,2
"Laural Merlington",1,3
"Laurent Gamelon",8,2
"Lavelle Roby",27,2
"Lawrence Dobkin",16,2
"Lee Bowman",12,2
"Lee Gordon Moore",16,2
"Lee MacGregor",10,2
"Lee Phelps",40,2
"Lenore Banks",11,2
"Leo Gordon",24,2
"Leo McKern",15,2
"Leo Mostovoy",32,2
"Leon Belasco",19,2
"Léon Clemence",43,2
"Leon Delaney",40,2
"Leonard Carey",14,2
"Leonard Rossiter",1,2
"Leonard Walker",54,2
"Leonor Varela",5,2
"Leslie Cheung",1,2
"Leslie Denison",27,2
"Lester Matthews",11,2
"Lewis  Martin",34,2
"Lieh Lo",5,2
"Lila Kedrova",7,2
"Lilli Palmer",7,2
"Lillian Miles",11,2
"Lillian Roth",10,2
"Lin Shaye",3,2
"Linda G. Miller",1,2
"Linda Henry",7,2
"Linda Miller",19,2
"Linden Chiles",13,2
"Lindsay Collins",5,2
"Lionel Atwill",1,2
"Lionel Barrymore",1,2
"Lionel Belmore",9,2
"Lionel Delanoe",2,2
"Lionel Stander",6,2
"Lisa Maurer",27,2
"Little Hero",5,2
"Litza",2,2
"Liz Smith",19,2
"Lloyd Lamble",31,2
"Loic Brabant",14,2
"Lolo Pigalle",11,2
"Lorin E. Price",10,2
"Lou Krugman",30,2
"Lou Nova",28,2
"Louie Anderson",10,2
"Louis Calhern",7,2
"Louis Cutolo",27,2
"Louis K. Webb",7,2
"Louis Lettieri",20,2
"Louis Mercier",35,2
"Louis Quinn",19,2
"Louisa Horton",16,2
"Louise Closser Hale",6,3
"Louise LaPlanche",10,2
"Louise Larabee",18,2
"Lowela Jotie",6,2
"Lowell Gilmore",5,3
"Luc Bernard",45,2
"Lucas Grabeel",5,2
"Lucy Beaumont",9,3
"Ludovic Berthillot",21,2
"Lung Chan",6,2
"Luq Hamett",29,2
"Lurene Tuttle",8,2
"Lynne Thigpen",35,2
"M. James Arnett",28,2
"Ma Wu",3,2
"Madeleine Carroll",1,2
"Mae Busch",5,2
"Maguette Coly",6,2
"Maïté Nahyr",8,2
"Malcolm McDowell",3,2
"Malvina Polo",10,2
"Manuel Legris",3,2
"Marcelino Sánchez",11,2
"Marcello Mastroianni",1,2
"Marcia McBroom",3,2
"Marco Soriano",7,2
"Marco St. John",17,2
"Margaret Seymour",13,2
"Margaret Smith",45,2
"Margaret Whiting",3,2
"Maria Rosaria Omaggio",4,2
"Marie Versini",4,2
"Marie Windsor",9,2
"Marilyn Monroe",1,2
"Marjorie Main",4,2
"Marjorie Rambeau",25,2
"Marjorie Stapp",9,2
"Mark Frost",1,2
"Mark Hamill",13,2
"Mark Rolston",6,2
"Marla Landi",4,3
"Marlene Felton",11,2
"Marley Shelton",4,2
"Marlon Wayans",2,2
"Marni Nixon",28,2
"Marsha Hunt",6,2
"Marshall Kent",23,2
"Marshall Neilan",50,2
"Martha Quinn",36,2
"Martha Scott",4,2
"Martin Garner",13,2
"Marvin Foster",20,2
"Marvin Hayes",9,2
"Marx Brothers",12,2
"Marx Brothers",17,2
"Mary Astor",7,2
"Mary Boylan",13,2
"Mary Carroll",16,2
"Mary Doran",10,3
"Mary Forbes",18,2
"Mary Murphy",7,2
"Mary Philips",10,2
"Massimo Serato",4,2
"Matt Adler",5,2
"Maud George",17,2
"Maude Eburne",4,2
"Maude George",4,2
"Maui Taylor",4,2
"Maureen O'Hara",3,3
"Maureen O'Sullivan",2,2
"Maureen O'Sullivan",5,2
"Max 'Slapsie Maxie' Rosen...",15,2
"Max Showalter",30,2
"Maxine Castle",10,2
"May Robson",4,2
"May Robson",6,2
"Mayne Lynton",49,2
"Mel Ferrer",5,2
"Mel Welles",3,2
"Melody Kay",6,2
"Melvyn Douglas",3,2
"Mercedes Ruehl",7,2
"Merlynne Williams",2,2
"Michael Ames",13,2
"Michael Beck",1,2
"Michael Biehn",6,2
"Michael Blodgett",5,2
"Michael Brockman",11,2
"Michael D. Leinert",9,2
"Michael Fleming",3,2
"Michael Garfield",21,2
"Michael Halsey",8,2
"Michael Hardstark",15,2
"Michael Hawkins",13,3
"Michael Ironside",5,2
"Michael J. Gurfinkel",2,2
"Michael Kenworthy",13,2
"Michael Kroecher",5,2
"Michael Madsen",3,2
"Michael Mark",31,2
"Michael McLean",32,2
"Michael Moore",15,2
"Michael Moriarty",1,2
"Michael Mulcaster",12,3
"Michael Murphy",3,2
"Michael Oliver",2,2
"Michael Parks",22,2
"Michael Redgrave",11,2
"Michael Rennie",32,2
"Michael Sacks",1,3
"Michael Saint-Denis",12,2
"Michael Strano",38,2
"Michael Troude",24,2
"Michel Aumont",13,2
"Michel Caccia",44,2
"Michiyo Tanaka",19,2
"Mick Cain",4,2
"Mickey Hart",4,2
"Mickey Knox",6,2
"Mickey Simpson",30,2
"Mike Francis",4,2
"Mike James",47,2
"Mike Leinert",24,2
"Mikhail Rasumny",7,2
"Mildred Clinton",2,2
"Miles Malleson",5,3
"Millard Mitchell",4,2
"Milo Quesada",10,2
"Milton Berle",7,2
"Milton Frome",23,2
"Minerva Urecal",14,2
"Minna Gombell",14,3
"Minoru Chiaki",5,2
"Mireille Perrier",2,2
"Mischa Hausserman",12,2
"Miss Du Pont",3,2
"Miss DuPont",16,2
"Mitchell Group",17,2
"Mitchell Lewis",15,2
"Miyoko Asada",5,2
"Mogens Wieth",7,2
"Mollie McCart",10,2
"Molly Ringwald",2,2
"Monica Van Campen",8,2
"Monique Coleman",6,2
"Monique Loudieres",4,2
"Monte Blue",9,2
"Moray Watson",5,2
"Morgan Brittany",4,2
"Morris Ankrum",5,2
"Moss Porter",40,2
"Mrs. Kent Hi",14,2
"Munmun Dutta",8,2
"Myles Hernandez",5,2
"Myrtle Vail",5,2
"Nada Despotovich",10,2
"Nadim Sawalha",12,2
"Nancy Beatty",1,2
"Nancy Berg Ilsa",20,2
"Nancy Duerr",15,2
"Nancy Francis",3,2
"Nancy Martin",18,2
"Nancy Nayor",19,2
"Naomi Akimoto",6,2
"Natalie Wood",2,2
"Nauheed Cyrusi",3,2
"Naveen Andrews",9,2
"Neil Fitzgerald",17,2
"Neil Giuntoli",11,2
"Neil Vipond",5,2
"Nestor Paiva",33,2
"Neville Brand",14,2
"Nicholas Amer",2,2
"Nicholas Guest",16,2
"Nichole M. Hiltz",7,2
"Nicky Katt",12,2
"Nikky Finney",2,2
"Niles McMaster",4,2
"Nina Varela",15,2
"Ninja Man",4,2
"Nino Pipitone",22,2
"Noah Young",11,3
"Noel Willman",13,2
"Norbert Haberlick",25,2
"Noriko Sengoku",7,2
"Norman Bennett",11,2
"Olesya Rulin",10,2
"Olin Howland",28,2
"Oliver Reed",12,2
"Omar Epps",16,2
"Onjolee Nair",4,2
"Opelene Bartley",31,2
"Otto H. Fries",11,2
"Otto Waldis",26,2
"Owen Moore",9,2
"Pam Grier",19,2
"Parley Baer",8,2
"Parris Buckner",12,2
"Pat Flaherty",18,2
"Pat Flaherty",21,2
"Pat O'Moore",20,2
"Patrick Aherne",17,2
"Patrick Dempsey",1,2
"Patrick Gorman",18,2
"Patrick Lung Kong",3,2
"Patrick Medioni",47,2
"Patrick Rowe",12,2
"Patrick Troughton",5,2
"Patrick Wayne",1,2
"Patrick Whyte",21,2
"Patrick Whyte",39,2
"Patsy Mace",14,2
"Paul Boretski",11,2
"Paul Calderon",8,2
"Paul Greco",23,2
"Paul Guers",6,2
"Paul McCrane",11,2
"Paul Porcasi",12,2
"Paul Reubens",19,2
"Paul Stanton",43,2
"Paul Stewart",6,2
"Paul Sutera",44,2
"Paul Wallace",6,2
"Paul Weigel",15,2
"Paul Wesley",1,2
"Paul Willson",8,2
"Paula E. Sheppard",3,2
"Pedro Armendariz Jr.",8,2
"Peggy Wood",12,2
"Percival Vivian",22,2
"Percy Marmont",5,2
"Pete Postlethwaite",11,2
"Peter Camlin",20,2
"Peter Crombie",17,2
"Peter Cushing",1,3
"Peter Jeffrey",14,2
"Peter Lorre",2,2
"Peter Lundquist",32,2
"Peter Mayhew",11,2
"Peter Ortiz",19,2
"Peter Strauss",1,2
"Peter Williams",51,2
"Petronille Moss",31,2
"Philip Hoelcher",30,2
"Philip Jackson",7,2
"Philippe Brigaud",35,2
"Phillip Rhee",1,2
"Phoebe Cates",2,2
"Phoebe Foster",9,2
"Phyllis Davis",9,2
"Pierre Issot",11,2
"Pierre Rousselle",23,2
"Pons Maar",21,2
"Pooja Arora",9,2
"Poppy Wilde",16,2
"Portia Griffin",35,2
"Primo Carnera",19,2
"Prof. Toru Tanaka",9,2
"Professor Nuts",6,2
"Queen",3,2
"Quentin Tarantino",20,2
"Rafaela Ottiano",4,2
"Ralph Penney",17,2
"Ralph Thomas",19,2
"Ralph Truman",6,2
"Ray Collins",12,2
"Ray Harryhausen",15,2
"Ray Spiker",18,2
"Ray Teal",14,2
"Ray Wise",1,2
"Raymond Coulthard",8,2
"Raymond Forchion",14,2
"Rebecca Potok",19,2
"Rebel Rodriguez",7,2
"Red Rat",7,2
"Red Steagall",2,2
"Reggie Bennett",13,2
"Reggie Nalder",11,2
"Reginald Denny",8,2
"Reginald Owen",7,2
"Rei Yoshii",7,2
"Reikichi Kawamura",13,2
"Reisaburo Yamamoto",8,2
"Renee Aubry",30,2
"Renee Girard",14,2
"Ric Reitz",38,2
"Ric Roman",17,2
"Richard Allan",6,2
"Richard Anderson",15,2
"Richard Anthony Crenna",44,2
"Richard Armstrong",7,2
"Richard Beale",4,2
"Richard Berry",3,2
"Richard Carballo",12,2
"Richard Carlson",3,3
"Richard Curnock",3,2
"Richard de Faut",5,2
"Richard Eyer",8,2
"Richard Harrison",8,2
"Richard Johnson",18,2
"Richard Liberty",21,2
"Richard Loo",30,2
"Richard Wattis",12,2
"Richard Webb",23,2
"Richard Wordsworth",40,2
"Rick Avery",29,2
"Ricky Paull Goldin",10,2
"Rita Carlisle",8,2
"Rita Christiani",38,2
"Rob Ryder",30,2
"Robbie Coltrane",22,2
"Robert  Barrat",19,2
"Robert Adler",17,2
"Robert Apisa",25,2
"Robert Arthur",7,2
"Robert Axelrod",14,2
"Robert Barron",42,2
"Robert Curtin",23,2
"Robert Desiderio",6,2
"Robert DoQui",14,2
"Robert E. Homans",26,2
"Robert E. O'Connor",38,2
"Robert Edeson",13,2
"Robert Ellis",27,2
"Robert Frazer",17,2
"Robert Goodman",15,2
"Robert Greig",5,2
"Robert H. Barrat",7,2
"Robert Karnes",4,2
"Robert McWade",5,3
"Robert Middleton",9,2
"Robert Mitchum",3,2
"Robert Patten",24,2
"Robert Pavlovich",21,2
"Robert Picardo",25,2
"Robert Putt",17,2
"Robert Quarry",5,2
"Robert Shayne",10,2
"Robert Small",7,2
"Robert Traynor",26,2
"Robert W. Frazer",7,2
"Robert Wagner",1,2
"Robert Wagner",3,2
"Robert Young",4,2
"Robin Askwith",8,2
"Robin Bach",14,2
"Robyn Peterson",17,2
"Rockcliffe Fellowes",16,2
"Rockliffe Fellowes",8,2
"Rod La Rocque",16,3
"Roddy Hughes",13,3
"Rodolfo Arias",9,2
"Roger Anderson",12,2
"Roger Hill",13,2
"Roland Culver",10,2
"Roland Manookian",8,2
"Rollin Moriyama",13,2
"Rolling Stones",4,2
"Romain Redler",40,2
"Ron Armstrong",4,2
"Ron Dorfman",11,2
"Ron Leibman",2,3
"Ron Selmour",8,2
"Ron Silver",3,2
"Ronaldo",3,2
"Rondo Hatton",19,3
"Rosalie Crutchley",11,2
"Rosalind Russell",1,2
"Rose McGowan",1,2
"Ross Ford",3,2
"Roxanne Arlen",14,2
"Roxanne Hart",4,2
"Rudolph Christians",2,2
"Rudolph Willrich",5,2
"Russ Conway",22,2
"Russell Collins",9,2
"Russell Collins",10,2
"Russell Hardie",9,2
"Rusty Pouch",34,2
"Ruth Hall",7,2
"Ryan Hilliard",2,2
"Ryan Murray",33,2
"Ryan Phillippe",2,2
"Ryne Sanborn",12,2
"Ryu Soo-Young",4,2
"Saafir",10,2
"Saige Ryan Campbell",4,2
"Sally Anne Golden",14,2
"Salvador Sanchez",10,2
"Salvo Randone",5,2
"Sam Edwards",11,2
"Sam Kydd",10,3
"Sam McDaniel",20,3
"Sam Scarber",2,2
"Samali Coker",10,2
"Samantha Grey",3,2
"Sammy Ogg",13,2
"Sammy Stein",34,2
"Sanjit Bedi",6,2
"Sanna Vraa",11,2
"Sara Berner",20,2
"Sarah Jessica Parker",4,2
"Scott Kolk",13,2
"Scotty Beckett",24,2
"Sean McClory",13,2
"Sebastian Brook",15,2
"Seth Green",3,2
"Sharon Gans",4,3
"Sharon Spelman",8,2
"Shaun Padgett",33,2
"Shawn Wayans",1,2
"Shawnee Smith",2,2
"Sheila Kelley",4,2
"Sheila Kelly",16,2
"Shelby Leverington",19,2
"Shen Chan",7,2
"Shireen Crutchfield",6,2
"Shoshana Ascher",9,2
"Sidney Bracey",14,2
"Sidney Jarvis",4,3
"Signe Hasso",9,2
"Sira Patrat",2,2
"Siriaque",14,3
"Skeryongo",15,3
"Skip Reissig",16,2
"Sonia Viviani",7,2
"Sonnie Sands",21,2
"Sonny Landham",26,2
"Sonny Sands",6,2
"Soon-Teck Oh",2,2
"Soon-Tek Oh",20,2
"Sophia Messina",6,2
"Sorrell Booke",11,2
"Spencer Charters",7,3
"Spencer Charters",17,3
"Spring Byington",6,2
"Sqad Up",2,2
"Stacy Ferguson",25,2
"Stan Ross",33,2
"Stanley Price",37,2
"Stella Adams",16,2
"Stéphane Boucher",20,2
"Stéphane Jacquot",34,2
"Stephen Murray",5,2
"Sterling Hayden",5,2
"Steve Buscemi",7,2
"Steve Chambers",15,2
"Steve Clark",20,2
"Steve Fromholz",15,2
"Steve James",53,2
"Steve John Shepherd",9,2
"Steve Valentine",7,2
"Steve Zanolini",7,2
"Steven Mackintosh",10,2
"Steven Williams",4,2
"Stewart Granger",1,3
"Stuart Germain",17,2
"Stuart Townsend",2,2
"Suli McCullough",5,2
"Susan Peretz",24,2
"Sutita Gatetanon",3,2
"Suzanne Cupito",11,2
"Suzanne Ridgway",13,2
"Sven Ole Thorsen",15,2
"Sydney Jarvis",29,3
"Sylvia Opert",40,2
"Tabetha Thomas",45,2
"Takashi Shimura",2,2
"Taku Kawai",9,2
"Tamer Hassan",2,2
"Tammy Boalo",11,2
"Taryn Power",2,2
"Tchéky Karyo",10,2
"Ted Bartsch",10,2
"Ted Grossman",16,2
"Ted Wass",2,2
"Teddy Vincent",41,2
"Temuera Morrison",4,2
"Teri Hope",23,2
"Terry Michos",12,2
"The Novelties",19,2
"The Strawberry Alarm Cloc...",18,2
"Thelma Todd",5,2
"Theo de Voe",11,2
"Theodore Raimi",16,2
"Thierry Ashanti",22,2
"Thiery Nenez",36,2
"Thomas Brown Henry",5,2
"Thomas Browne Henry",16,2
"Thomas G. Waites",4,2
"Thomas Hampson",2,3
"Thomas Mitchell",4,3
"Ticky Holgado",12,2
"Tiffany Mataras",26,2
"Tim Powell",34,2
"Tim Rossovich",8,2
"Tito Vuolo",6,2
"Titus",3,2
"Toby Michaels",11,2
"Tod Andrews",33,2
"Tom Conway",12,2
"Tom Helmore",9,2
"Tom Kennedy",6,2
"Tom McKitterick",10,2
"Tom Nowicki",30,2
"Tom Reynolds",16,2
"Tom Rosales Jr.",31,2
"Tom Savini",14,2
"Tom Signorelli",9,2
"Tom Skerritt",3,3
"Tommy Huff",46,2
"Tony Calvino",25,2
"Tony Tracy",40,2
"Toshiro Mifune",1,2
"Tracey Cherelle Jones",3,2
"Tracey Jones",17,2
"Tracy Bogart",8,2
"Trixie Friganza",22,2
"Trudi Ames",20,2
"Trudy Marshall",18,2
"Tully Marshall",16,2
"Tuvia Tavi",4,2
"Tyree Johnson",7,2
"Ursula Andress",2,2
"Ursula Kent",53,2
"Vahina Giocante",13,2
"Valentin Merlet",39,2
"Valentine Dyall",11,2
"Valerie McCaffrey",20,2
"Valerie McCaffrey",50,2
"Valerie Perrine",5,3
"Vanessa Anne Hudgens",2,2
"Vangie Labalan",7,2
"Vanzeta",27,2
"Veronica Cartwright",2,2
"Vertamae Grosvenor",3,2
"Vic Magnotta",43,2
"Victor Groves",39,2
"Victor Laplace",28,2
"Victor McLaglen",6,2
"Victoria Vanderkloot",32,2
"Victoria Vanderkloot",52,2
"Vince Barnett",14,2
"Vincent Cassel",1,2
"Virginia Leith",4,2
"Vivian Pickles",18,2
"Vivian Smallwood",18,2
"Vivica A. Fox",10,2
"Vladimir Sokoloff",5,2
"Wade Boteler",17,2
"Wade Mayer",39,2
"Wah Cheung",8,2
"Wally Campo",8,2
"Wally Howe",16,3
"Walter Emanuel Jones",4,2
"Walter Gotell",25,2
"Walter Hampden",6,3
"Walter Jones",9,2
"Walter Ladengast",2,2
"Walter Matthau",2,2
"Walter S. Baldwin",22,2
"Walter Williams",8,2
"Walter Winchell",20,2
"Walter Woolf King",6,2
"Wendell Wright",27,2
"Wesley Snipes",3,2
"Whit Bissell",13,2
"Wilford Brimley",6,2
"Will Wright",10,2
"Willa Ford",10,2
"Willard Sage",26,2
"William Austin",13,2
"William Boyd",14,3
"William Fawcett",22,2
"William Forsythe",9,2
"William Hansen",8,2
"William Hopper",1,2
"William Humphrey",13,2
"William Marquez",20,2
"William Short",14,2
"William V. Mong",10,2
"William Williams",54,2
"Willie Aames",1,2
"Willie C. Carpenter",10,2
"Willy Semmelrogge",4,2
"Wilma Doesn't",8,2
"Wolfgang Preiss",36,2
"Wong Tsu Hsien",2,2
"Yancy Butler",4,2
"Yashodan Bal",11,2
"Yasushi Nagata",14,2
"Yausmenda Freeman",6,2
"Yves Brainville",15,2
"Yvonne De Carlo",15,2
"Zac Efron",1,2
"Zach Grenier",18,2
"Zeppo Marx",4,2
"Zhou Mu Yin",3,2
